address,hex,format,assembly
0x00400000,0x00500893,I,"addi a7, zero, 5"
0x00400004,0x00000073,I,ecall
0x00400008,0x00050413,I,"addi s0, a0, 0"
0x0040000c,0x10011b37,U,"lui s6, 0x10011"
0x00400010,0x840b0b13,I,"addi s6, s6, -1984"
0x00400014,0x00100913,I,"addi s2, zero, 1"
0x00400018,0x03244263,B,"blt s0, s2, 36 (0x0040003c)"
0x0040001c,0x00090513,I,"addi a0, s2, 0"
0x00400020,0x00090593,I,"addi a1, s2, 0"
0x00400024,0x06c000ef,J,"jal ra, 108 (0x00400090)"
0x00400028,0x00291393,I,"slli t2, s2, 2"
0x0040002c,0x016383b3,R,"add t2, t2, s6"
0x00400030,0xfea3ae23,S,"sw a0, -4(t2)"
0x00400034,0x00190913,I,"addi s2, s2, 1"
0x00400038,0xfe1ff06f,J,"jal zero, -32 (0x00400018)"
0x0040003c,0x00000493,I,"addi s1, zero, 0"
0x00400040,0x00000313,I,"addi t1, zero, 0"
0x00400044,0x00835e63,B,"bge t1, s0, 28 (0x00400060)"
0x00400048,0x00231293,I,"slli t0, t1, 2"
0x0040004c,0x016282b3,R,"add t0, t0, s6"
0x00400050,0x0002ae03,I,"lw t3, 0(t0)"
0x00400054,0x01c484b3,R,"add s1, s1, t3"
0x00400058,0x00130313,I,"addi t1, t1, 1"
0x0040005c,0xfe9ff06f,J,"jal zero, -24 (0x00400044)"
0x00400060,0x10010537,U,"lui a0, 0x10010"
0x00400064,0x00050513,I,"addi a0, a0, 0"
0x00400068,0x00400893,I,"addi a7, zero, 4"
0x0040006c,0x00000073,I,ecall
0x00400070,0x00048513,I,"addi a0, s1, 0"
0x00400074,0x00100893,I,"addi a7, zero, 1"
0x00400078,0x00000073,I,ecall
0x0040007c,0x00a00513,I,"addi a0, zero, 10"
0x00400080,0x00b00893,I,"addi a7, zero, 11"
0x00400084,0x00000073,I,ecall
0x00400088,0x00a00893,I,"addi a7, zero, 10"
0x0040008c,0x00000073,I,ecall
0x00400090,0x00000e93,I,"addi t4, zero, 0"
0x00400094,0x00058863,B,"beq a1, zero, 16 (0x004000a4)"
0x00400098,0x00ae8eb3,R,"add t4, t4, a0"
0x0040009c,0xfff58593,I,"addi a1, a1, -1"
0x004000a0,0xff5ff06f,J,"jal zero, -12 (0x00400094)"
0x004000a4,0x000e8513,I,"addi a0, t4, 0"
0x004000a8,0x00008067,I,"jalr zero, 0(ra)"
